mpn,manufacturer,vendor,category
MT60B2G8HB-48B:A,Micron Technology,Micron,DDR5
MT60B1G16HC-48B:A,Micron Technology,Micron,DDR5
MT60B4G4HB-56B:G,Micron Technology,Micron,DDR5
MT60B2G8RV-56B:G,Micron Technology,Micron,DDR5
K4RAH165VB-BCQK,Samsung Semiconductor,Samsung,DDR5
K4RAH086VB-BCQK,Samsung Semiconductor,Samsung,DDR5
K4RAH046VB-BCWM,Samsung Semiconductor,Samsung,DDR5
H5CG48AGBDX018N,SK hynix,SK hynix,DDR5
H5CGD8AGBDX018N,SK hynix,SK hynix,DDR5
MT40A512M16TB-062E:R,Micron Technology,Micron,DDR4
MT40A1G8SA-075:E,Micron Technology,Micron,DDR4
MT40A1G16TB-062E IT:F,Micron Technology,Micron,DDR4
MT40A2G8SA-062E:F,Micron Technology,Micron,DDR4
MT40A256M16LY-062E IT:F,Micron Technology,Micron,DDR4
MT40A512M8RH-083E:B,Micron Technology,Micron,DDR4
K4A8G165WC-BCTD,Samsung Semiconductor,Samsung,DDR4
K4A8G085WC-BCWE,Samsung Semiconductor,Samsung,DDR4
K4AAG165WA-BCWE,Samsung Semiconductor,Samsung,DDR4
K4AAG085WA-BCWE,Samsung Semiconductor,Samsung,DDR4
H5AN8G6NDJR-XNC,SK hynix,SK hynix,DDR4
H5AN8G8NDJR-XNC,SK hynix,SK hynix,DDR4
H5ANAG6NCJR-XNC,SK hynix,SK hynix,DDR4
IS43QR16256B-083RBL,ISSI,ISSI,DDR4
IS43QR16512A-075VBL,ISSI,ISSI,DDR4
IS46QR16512A-075VBLA2,ISSI,ISSI,DDR4
IS43QR16256B-075VBLI,ISSI,ISSI,DDR4
AS4C512M16D4-75BCN,Alliance Memory,Alliance,DDR4
AS4C512M16D4-75BIN,Alliance Memory,Alliance,DDR4
AS4C256M16D4-75BCN,Alliance Memory,Alliance,DDR4
AS4C1G16D4-62BCN,Alliance Memory,Alliance,DDR4
MT41K256M16TW-107:P,Micron Technology,Micron,DDR3/DDR3L
MT41K512M16HA-107:A,Micron Technology,Micron,DDR3/DDR3L
MT41K128M16JT-125:K,Micron Technology,Micron,DDR3/DDR3L
MT41K256M16TW-107 IT:P,Micron Technology,Micron,DDR3/DDR3L
MT41J128M16JT-125:K,Micron Technology,Micron,DDR3/DDR3L
K4B4G1646E-BYMA,Samsung Semiconductor,Samsung,DDR3/DDR3L
K4B2G1646F-BYMA,Samsung Semiconductor,Samsung,DDR3/DDR3L
H5TC4G63EFR-RDA,SK hynix,SK hynix,DDR3/DDR3L
W631GG6MB-12,Winbond,Winbond,DDR3/DDR3L
W632GU6NB-12,Winbond,Winbond,DDR3/DDR3L
W634GU6NB-11,Winbond,Winbond,DDR3/DDR3L
W631GU6NB-12,Winbond,Winbond,DDR3/DDR3L
IS43TR16256BL-125KBL,ISSI,ISSI,DDR3/DDR3L
IS46TR16512BL-107MBLA1,ISSI,ISSI,DDR3/DDR3L
IS43TR16128D-125KBL,ISSI,ISSI,DDR3/DDR3L
IS43TR16640C-125JBLI,ISSI,ISSI,DDR3/DDR3L
AS4C256M16D3LC-12BCN,Alliance Memory,Alliance,DDR3/DDR3L
AS4C512M16D3LC-12BIN,Alliance Memory,Alliance,DDR3/DDR3L
AS4C128M16D3LC-12BCN,Alliance Memory,Alliance,DDR3/DDR3L
AS4C64M16D3LC-12BCN,Alliance Memory,Alliance,DDR3/DDR3L
MT53E256M32D2DS-046 WT:B,Micron Technology,Micron,LPDDR4/4X
MT53E512M32D2NP-046 WT:E,Micron Technology,Micron,LPDDR4/4X
MT53E1G32D2FW-046 WT:C,Micron Technology,Micron,LPDDR4/4X
MT53E256M16D1DS-046 AAT:B,Micron Technology,Micron,LPDDR4/4X
K4F6E3S4HM-MGCJ,Samsung Semiconductor,Samsung,LPDDR4/4X
K4UBE3D4AA-MGCL,Samsung Semiconductor,Samsung,LPDDR4/4X
H9HCNNNBKUMLXR-NEE,SK hynix,SK hynix,LPDDR4/4X
W66CQ2NQUAHJ,Winbond,Winbond,LPDDR4/4X
W66BQ6NBUAFJ,Winbond,Winbond,LPDDR4/4X
IS46LQ32256A-062BLA,ISSI,ISSI,LPDDR4/4X
IS43LQ32256A-062BLI,ISSI,ISSI,LPDDR4/4X
AS4C256M32MD4-062BAN,Alliance Memory,Alliance,LPDDR4/4X
AS4C512M32MD4-062BAN,Alliance Memory,Alliance,LPDDR4/4X
MT62F1G32D2DS-026 WT:B,Micron Technology,Micron,LPDDR5/5X
MT62F512M32D2DR-031 WT:B,Micron Technology,Micron,LPDDR5/5X
MT62F2G32D4DS-023 WT:C,Micron Technology,Micron,LPDDR5/5X
K3KL3L30CM-BGCT,Samsung Semiconductor,Samsung,LPDDR5/5X
K3LKBKB0BM-MGCP,Samsung Semiconductor,Samsung,LPDDR5/5X
H58G56AK6BX069,SK hynix,SK hynix,LPDDR5/5X
MT48LC16M16A2P-6A:G,Micron Technology,Micron,SDR & legacy DRAM
MT48LC4M32B2B5-6A:L,Micron Technology,Micron,SDR & legacy DRAM
MT46V32M16P-5B:J,Micron Technology,Micron,SDR & legacy DRAM
MT47H64M16NF-25E:M,Micron Technology,Micron,SDR & legacy DRAM
W9864G6KH-6,Winbond,Winbond,SDR & legacy DRAM
W9825G6KH-6,Winbond,Winbond,SDR & legacy DRAM
W9725G6KB-25,Winbond,Winbond,SDR & legacy DRAM
W9751G6KB-25,Winbond,Winbond,SDR & legacy DRAM
IS42S16400J-7TL,ISSI,ISSI,SDR & legacy DRAM
IS42S32800J-6BLI,ISSI,ISSI,SDR & legacy DRAM
IS42S16160J-7TLI,ISSI,ISSI,SDR & legacy DRAM
IS43DR16640B-25DBL,ISSI,ISSI,SDR & legacy DRAM
AS4C16M16SA-6TCN,Alliance Memory,Alliance,SDR & legacy DRAM
AS4C32M16SB-7TCN,Alliance Memory,Alliance,SDR & legacy DRAM
AS4C4M16SA-6TCN,Alliance Memory,Alliance,SDR & legacy DRAM
AS4C64M16D2B-25BCN,Alliance Memory,Alliance,SDR & legacy DRAM
MT29F4G08ABAEAWP:E,Micron Technology,Micron,SLC NAND
MT29F2G08ABAEAWP:E,Micron Technology,Micron,SLC NAND
MT29F1G08ABAEAWP:E,Micron Technology,Micron,SLC NAND
MT29F8G08ABACAWP:C,Micron Technology,Micron,SLC NAND
MT29F2G01ABAGDWB-IT:G,Micron Technology,Micron,SLC NAND
K9F1G08U0E-SIB0,Samsung Semiconductor,Samsung,SLC NAND
TC58NVG0S3HTA00,Kioxia,Kioxia,SLC NAND
TC58NVG1S3HTA00,Kioxia,Kioxia,SLC NAND
TC58NVG2S0HTA00,Kioxia,Kioxia,SLC NAND
TH58NVG3S0HTA00,Kioxia,Kioxia,SLC NAND
TC58CVG1S3HRAIJ,Kioxia,Kioxia,SLC NAND
W25N01GVZEIG,Winbond,Winbond,SLC NAND
W25N02KVZEIR,Winbond,Winbond,SLC NAND
W29N01HVSINA,Winbond,Winbond,SLC NAND
W29N02GVSIAA,Winbond,Winbond,SLC NAND
W25N04KVZEIR,Winbond,Winbond,SLC NAND
MX30LF1G18AC-TI,Macronix,Macronix,SLC NAND
MX30LF2G18AC-TI,Macronix,Macronix,SLC NAND
MX30LF4G28AD-TI,Macronix,Macronix,SLC NAND
MX35LF1GE4AB-Z4I,Macronix,Macronix,SLC NAND
MX35LF2GE4AD-Z4I,Macronix,Macronix,SLC NAND
MX60LF8G18AC-TI,Macronix,Macronix,SLC NAND
IS34ML01G081-TLI,ISSI,ISSI,SLC NAND
IS37SML01G1-LLI,ISSI,ISSI,SLC NAND
MTFC8GAKAJCN-4M IT,Micron Technology,Micron,eMMC
MTFC16GAPALBH-IT,Micron Technology,Micron,eMMC
MTFC32GAPALBH-IT,Micron Technology,Micron,eMMC
MTFC64GAPALBH-IT,Micron Technology,Micron,eMMC
KLM8G1GETF-B041,Samsung Semiconductor,Samsung,eMMC
KLMAG1JETD-B041,Samsung Semiconductor,Samsung,eMMC
KLMBG2JETD-B041,Samsung Semiconductor,Samsung,eMMC
KLMCG4JETD-B041,Samsung Semiconductor,Samsung,eMMC
H26M41208HPR,SK hynix,SK hynix,eMMC
H26M52208FPR,SK hynix,SK hynix,eMMC
THGBMJG6C1LBAIL,Kioxia,Kioxia,eMMC
THGBMJG7C1LBAIL,Kioxia,Kioxia,eMMC
THGBMJG8C2LBAIL,Kioxia,Kioxia,eMMC
THGBMJG9C4LBAIR,Kioxia,Kioxia,eMMC
IS21ES08G-JCLI,ISSI,ISSI,eMMC
IS21ES16G-JCLI,ISSI,ISSI,eMMC
IS22ES32G-JCLA1,ISSI,ISSI,eMMC
ASFC8G31M-51BIN,Alliance Memory,Alliance,eMMC
ASFC16G31M-51BIN,Alliance Memory,Alliance,eMMC
MX52LM04A11XVW,Macronix,Macronix,eMMC
MX52LM08A11XVW,Macronix,Macronix,eMMC
MTFC64GBCAQTC-AIT,Micron Technology,Micron,UFS
MTFC128GBCAQTC-AIT,Micron Technology,Micron,UFS
MTFC256GBCAVTC-AAT,Micron Technology,Micron,UFS
KLUBG4G1ZF-B0CQ,Samsung Semiconductor,Samsung,UFS
KLUCG4J1ED-B0C1,Samsung Semiconductor,Samsung,UFS
KLUDG4UHDB-B2D1,Samsung Semiconductor,Samsung,UFS
THGAF8G8T23BAIL,Kioxia,Kioxia,UFS
THGJFGT0T25BAIL,Kioxia,Kioxia,UFS
THGJFGT1E45BAIL,Kioxia,Kioxia,UFS
MT29F1T08EMHAFJ4-3R:A,Micron Technology,Micron,Raw MLC/TLC NAND
MT29F512G08EBHAFJ4-3R:A,Micron Technology,Micron,Raw MLC/TLC NAND
MT29F256G08CBCEBJ4-37ITR:E,Micron Technology,Micron,Raw MLC/TLC NAND
MT29F128G08CBCEBJ4-37ITR:E,Micron Technology,Micron,Raw MLC/TLC NAND
TH58TFT0DFLBAEF,Kioxia,Kioxia,Raw MLC/TLC NAND
TC58TEG6TCKTA00,Kioxia,Kioxia,Raw MLC/TLC NAND
TH58TFT1T23BA8J,Kioxia,Kioxia,Raw MLC/TLC NAND
K9GBG08U0B-SCB0,Samsung Semiconductor,Samsung,Raw MLC/TLC NAND
K9LCGY8S1D-MCK0,Samsung Semiconductor,Samsung,Raw MLC/TLC NAND
H27QCG8T2E5R-BCF,SK hynix,SK hynix,Raw MLC/TLC NAND
H25QFT8F4A9R-BCF,SK hynix,SK hynix,Raw MLC/TLC NAND
