date,ddr4_8gb,tlc512_wafer,note,url
2025-01-08,1.469,,stated as prior week in 2025-01-15 article,https://www.trendforce.com/news/2025/01/15/insights-memory-spot-price-update-nand-demand-rebounds-for-pc-ssds-and-smartphones-on-chinese-subsidies/
2025-01-15,1.464,2.420,,https://www.trendforce.com/news/2025/01/15/insights-memory-spot-price-update-nand-demand-rebounds-for-pc-ssds-and-smartphones-on-chinese-subsidies/
2025-01-22,1.461,2.405,,https://www.trendforce.com/news/2025/01/22/insights-memory-spot-price-update-production-cuts-fail-to-boost-market-as-sellers-struggle-with-weak-demand/
2025-02-05,1.458,2.400,,https://www.trendforce.com/news/2025/02/05/insights-memory-spot-price-update-ddr4-prices-continue-to-slide-due-to-cxmts-abundant-supply/
2025-02-19,1.449,2.425,,https://www.trendforce.com/news/2025/02/19/insights-memory-spot-price-update-nand-demand-rebounds-as-samsung-halts-small-capacity-mlc-production/
2025-02-26,1.447,2.420,,https://www.trendforce.com/news/2025/02/26/insights-memory-spot-price-update-sk-hynix-props-up-ddr5-prices-while-ddr4-momentum-hits-brakes/
2025-03-05,1.445,,stated as prior week in 2025-03-12 article,https://www.trendforce.com/news/2025/03/12/insights-memory-spot-price-update-nand-wafer-prices-keep-climbing-with-more-hikes-ahead/
2025-03-12,1.454,2.500,,https://www.trendforce.com/news/2025/03/12/insights-memory-spot-price-update-nand-wafer-prices-keep-climbing-with-more-hikes-ahead/
2025-03-19,1.486,2.580,,https://www.trendforce.com/news/2025/03/19/insights-memory-spot-price-update-ddr4-ddr3-prices-rise-amid-strong-ddr5-rebound-led-by-sk-hynix/
2025-03-26,1.561,2.715,,https://www.trendforce.com/news/2025/03/26/insights-memory-spot-price-update-ddr5-rally-fuels-ddr4-surge-keeping-prices-strong-in-the-coming-weeks/
2025-04-02,1.646,2.775,,https://www.trendforce.com/news/2025/04/02/insights-memory-spot-price-update-price-hike-party-rolls-on-as-tight-supply-leads-to-high-ddr5ddr4-demand/
2025-04-16,1.673,2.765,,https://www.trendforce.com/news/2025/04/16/insights-memory-spot-price-update-dram-market-turns-cautious-though-u-s-90-day-tariff-pause-boosts-confidence-slightly/
2025-04-23,1.720,2.764,,https://www.trendforce.com/news/2025/04/23/insights-memory-spot-price-update-dram-suppliers-raise-prices-by-8-10-amid-stockpiling-ahead-of-tariffs/
2025-04-30,1.804,2.749,,https://www.trendforce.com/news/2025/04/30/insights-memory-spot-price-update-top-dram-suppliers-ending-ddr3ddr4-output-driving-spot-price-surge/
2025-05-14,2.129,,stated as prior week in 2025-05-21 article,https://www.trendforce.com/news/2025/05/21/insights-memory-spot-price-update-ddr4-sees-larger-hikes-amid-tight-supply-ddr5-up-incrementally/
2025-05-21,2.162,2.730,,https://www.trendforce.com/news/2025/05/21/insights-memory-spot-price-update-ddr4-sees-larger-hikes-amid-tight-supply-ddr5-up-incrementally/
2025-05-28,2.460,2.725,,https://www.trendforce.com/news/2025/05/28/insights-memory-spot-price-update-ddr5-uptrend-slows-dram-price-hikes-to-moderate-in-q3/
2025-06-04,2.963,,stated as prior week in 2025-06-11 article,https://www.trendforce.com/news/2025/06/11/insights-memory-spot-price-update-ddr4-and-ddr5-chips-hit-price-parity-in-early-june-amid-soaring-hikes/
2025-06-11,3.314,2.707,,https://www.trendforce.com/news/2025/06/11/insights-memory-spot-price-update-ddr4-and-ddr5-chips-hit-price-parity-in-early-june-amid-soaring-hikes/
2025-06-18,4.182,2.693,,https://www.trendforce.com/news/2025/06/18/insights-memory-spot-price-update-sk-hynix-micron-push-ddr4-last-time-buys-as-phase-out-boosts-q3-prices/
2025-06-25,5.155,2.683,,https://www.trendforce.com/news/2025/06/25/insights-memory-spot-price-update-ddr4-module-prices-overtake-ddr5-tariff-fears-may-trigger-further-panic-buying/
2025-07-02,5.073,2.680,,https://www.trendforce.com/news/2025/07/02/insights-memory-spot-price-update-16gb-ddr4-consumer-dram-rises-as-pc-dram-loses-momentum/
2025-07-09,5.003,2.676,,https://www.trendforce.com/news/2025/07/09/insights-memory-spot-price-update-ddr4-spot-prices-see-mild-pullback-after-steep-climb/
2025-07-16,5.023,2.673,,https://www.trendforce.com/news/2025/07/16/insights-memory-spot-price-update-prices-slightly-cool-off-after-recent-surge-with-ddr4-leading-the-drop
2025-07-23,5.216,2.700,,https://www.trendforce.com/news/2025/07/23/insights-memory-spot-price-update-korean-memory-giants-spark-dram-rebound-with-sharp-ddr4-price-hikes/
2025-07-30,5.118,2.717,,https://www.trendforce.com/news/2025/07/30/insights-memory-spot-price-update-nand-spot-market-shows-recovery-signs-on-rising-3q25-price-expectations
2025-08-06,5.000,2.784,,https://www.trendforce.com/news/2025/08/06/insights-memory-spot-price-update-dram-trading-slows-as-ddr4-mainstream-prices-drop-2-4
2025-08-13,4.929,2.808,,https://www.trendforce.com/news/2025/08/13/insights-memory-spot-price-update-ddr4-price-surge-slows-amid-samsung-eol-delay-rumors/
2025-08-20,4.894,2.798,,https://www.trendforce.com/news/2025/08/20/insights-memory-spot-price-update-dram-trading-gradually-loses-steam-as-ddr5-ddr4-drop-slightly/
2025-08-27,4.875,,stated as prior week in 2025-09-03 article,https://www.trendforce.com/news/2025/09/03/insights-memory-spot-price-update-ddr4-prices-outpace-ddr5-as-memory-giants-eol-impact-lingers/
2025-09-03,4.878,2.798,,https://www.trendforce.com/news/2025/09/03/insights-memory-spot-price-update-ddr4-prices-outpace-ddr5-as-memory-giants-eol-impact-lingers/
2025-09-10,5.058,2.840,,https://www.trendforce.com/news/2025/09/10/insights-memory-spot-price-update-sandisks-10-price-hike-meets-demand-side-resistance/
2025-09-17,5.431,2.855,,https://www.trendforce.com/news/2025/09/17/insights-memory-spot-price-update-ddr4-spot-prices-surge-amid-tight-supply-buyers-struggle-to-keep-pace/
2025-09-24,5.947,2.960,,https://www.trendforce.com/news/2025/09/24/insights-memory-spot-price-update-ddr4-drives-dram-price-rally-mainstream-chips-surge-6-88-this-week/
2025-10-01,6.359,3.121,,https://www.trendforce.com/news/2025/10/01/insights-memory-spot-price-update-dram-mainstream-quotes-rise-by-5-4-amid-seller-reluctance/
2025-10-08,6.584,,stated as prior week in 2025-10-15 article,https://www.trendforce.com/news/2025/10/15/insights-memory-spot-price-update-dram-module-sellers-mostly-halt-quotes-as-mainstream-ddr4-soars-7-21/
2025-10-15,7.059,3.576,,https://www.trendforce.com/news/2025/10/15/insights-memory-spot-price-update-dram-module-sellers-mostly-halt-quotes-as-mainstream-ddr4-soars-7-21/
2025-10-22,7.931,4.576,,https://www.trendforce.com/news/2025/10/22/insights-memory-spot-price-update-ddr4-ddr5-trading-surges-as-buyers-hedge-price-risks-mainstream-ddr4-up-9/
2025-10-29,9.523,,stated as prior week in 2025-11-05 article,https://www.trendforce.com/news/2025/11/05/insights-memory-spot-price-update-dram-buyers-rush-in-as-ddr5-spot-prices-jump-30-amid-tight-supply/
2025-11-05,10.629,5.514,,https://www.trendforce.com/news/2025/11/05/insights-memory-spot-price-update-dram-buyers-rush-in-as-ddr5-spot-prices-jump-30-amid-tight-supply/
2025-11-12,11.857,6.455,,https://www.trendforce.com/news/2025/11/12/insights-memory-spot-price-update-dram-chip-prices-surpass-module-prices-signaling-imminent-surge/
2025-11-19,12.757,7.421,,https://www.trendforce.com/news/2025/11/19/insights-memory-spot-price-update-ddr5-prices-up-307-since-september-as-module-costs-poised-to-surge/
2025-11-26,14.914,,stated as prior week in 2025-12-03 article,https://www.trendforce.com/news/2025/12/03/insights-memory-spot-price-update-ddr4-stays-above-ddr5-as-spot-prices-show-no-sign-of-letup/
2025-12-03,16.514,9.607,,https://www.trendforce.com/news/2025/12/03/insights-memory-spot-price-update-ddr4-stays-above-ddr5-as-spot-prices-show-no-sign-of-letup/
2025-12-10,17.064,9.634,,https://www.trendforce.com/news/2025/12/10/insights-memory-spot-price-update-ddr4-rally-strengthens-on-16gb-gains-ddr5-ddr3-see-mild-pullbacks/
2025-12-17,19.86,,stated as prior week in 2025-12-24 article,https://www.trendforce.com/news/2025/12/24/insights-memory-spot-price-update-kingston-leads-dram-price-surge-as-ddr4-ddr5-and-modules-hold-strong/
2025-12-24,21.75,11.517,,https://www.trendforce.com/news/2025/12/24/insights-memory-spot-price-update-kingston-leads-dram-price-surge-as-ddr4-ddr5-and-modules-hold-strong/
2025-12-31,23.746,13.055,,https://www.trendforce.com/news/2025/12/31/insights-memory-spot-price-update-ddr4-spot-prices-climb-as-samsung-holds-eol-line
2026-01-07,25.407,,stated as prior week in 2026-01-14 article,https://www.trendforce.com/news/2026/01/14/insights-memory-spot-price-update-dram-surges-as-sellers-hold-back-inventory-mainstream-ddr4-up-nearly-10/
2026-01-14,27.857,15.052,,https://www.trendforce.com/news/2026/01/14/insights-memory-spot-price-update-dram-surges-as-sellers-hold-back-inventory-mainstream-ddr4-up-nearly-10/
2026-01-21,30.30,,stated as prior week in 2026-01-28 article,https://www.trendforce.com/news/2026/01/28/insights-memory-spot-price-update-ddr4ddr5-hit-highs-buyers-hesitant-ddr3-sees-uptick/
2026-01-28,30.90,16.310,,https://www.trendforce.com/news/2026/01/28/insights-memory-spot-price-update-ddr4ddr5-hit-highs-buyers-hesitant-ddr3-sees-uptick/
2026-02-04,30.88,17.724,,https://www.trendforce.com/news/2026/02/04/insights-memory-spot-price-update-dram-stalls-ahead-of-late-feb-contract-price-settlements/
2026-02-11,31.10,17.948,,https://www.trendforce.com/news/2026/02/11/insights-memory-spot-price-update-lunar-new-year-slows-dram-spot-trading-price-gap-narrows/
2026-02-25,32.34,,stated as prior week in 2026-03-04 article,https://www.trendforce.com/news/2026/03/04/insights-memory-spot-price-update-dram-spots-top-contracts-sentiment-cautious-ahead-of-q2-negotiations/
2026-03-04,33.02,20.586,,https://www.trendforce.com/news/2026/03/04/insights-memory-spot-price-update-dram-spots-top-contracts-sentiment-cautious-ahead-of-q2-negotiations/
2026-03-11,33.40,,stated as prior week in 2026-03-18 article,https://www.trendforce.com/news/2026/03/18/insights-memory-spot-price-update-dram-spots-pause-amid-samsungs-march-ddr4-freeze/
2026-03-18,33.88,23.000,,https://www.trendforce.com/news/2026/03/18/insights-memory-spot-price-update-dram-spots-pause-amid-samsungs-march-ddr4-freeze/
2026-03-25,34.00,22.834,,https://www.trendforce.com/news/2026/03/25/insights-memory-spot-price-update-dram-spot-momentum-constrained-as-march-contracts-hold-ddr4-weakest/
2026-04-01,33.96,22.155,,https://www.trendforce.com/news/2026/04/01/insights-memory-spot-price-update-ddr3-strength-contrasts-weak-ddr4-and-ddr5-amid-high-prices-and-soft-demand/
2026-04-08,33.56,21.68,,https://www.trendforce.com/news/2026/04/08/insights-memory-spot-price-update-dram-extends-gradual-downtrend-on-contained-selling-pressure-ddr4-drops-1-18/
2026-04-15,33.40,21.000,,https://www.trendforce.com/news/2026/04/15/insights-memory-spot-price-update-dram-spot-sellers-hold-firm-ahead-of-mid-april-pricing-ddr4-edges-lower-0-48/
2026-04-22,32.80,,stated as prior week in 2026-04-29 article,https://www.trendforce.com/news/2026/04/29/insights-memory-spot-price-update-ddr5-sees-sporadic-buying-interest-ddr4-price-cuts-fail-to-revive-demand/
2026-04-29,32.5,,,https://www.trendforce.com/news/2026/04/29/insights-memory-spot-price-update-ddr5-sees-sporadic-buying-interest-ddr4-price-cuts-fail-to-revive-demand/
2026-05-06,32.40,,,https://www.trendforce.com/news/2026/05/06/insights-memory-spot-price-update-buying-interest-stays-focused-on-ddr5-as-mainstream-ddr4-edges-down-0-25/
2026-05-13,32.3,20.541,,https://www.trendforce.com/news/2026/05/13/insights-memory-spot-price-update-dram-spot-market-strengthens-post-holiday-as-ddr4-leads-demand/
2026-05-20,32.0,20.707,,https://www.trendforce.com/news/2026/05/20/insights-memory-spot-price-update-ddr5-spot-market-strengthens-on-branded-demand-and-higher-bids-ddr4-weakens/
2026-05-27,33.60,20.638,,https://www.trendforce.com/news/2026/05/27/insights-memory-spot-price-update-ddr5-spot-price-gains-narrow-amid-sluggish-trading-ddr4-rebounds/
2026-06-03,34.8,20.683,,https://www.trendforce.com/news/2026/06/03/insights-memory-spot-price-update-ddr4-and-ddr5-extend-gains-though-higher-quotes-temper-procurement-demand/
2026-06-10,35.90,20.638,,https://www.trendforce.com/news/2026/06/10/insights-memory-spot-price-update-ddr5-spot-momentum-continues-as-ddr4-tightness-spills-over-to-ddr3/
2026-06-17,35.8,21.431,,https://www.trendforce.com/news/2026/06/17/insights-memory-spot-price-update-ddr3-strengthens-while-ddr4-faces-constraints-and-spec-downgrading
2026-06-24,35.90,20.069,,https://www.trendforce.com/news/2026/06/24/insights-memory-spot-price-update-dram-buyers-resist-higher-quotes-as-mainstream-ddr4-prices-gain-0-28/
2026-07-01,36.00,19.862,,https://www.trendforce.com/news/2026/07/01/insights-memory-spot-price-update-dram-spot-prices-see-gains-in-low-density-ddr4-and-ddr3-amid-sideways-market/
2026-07-08,37.14,19.293,,https://www.trendforce.com/news/2026/07/08/insights-memory-spot-price-update-dram-spot-trading-remains-subdued-with-ddr3-and-4gb-ddr4-prices-edging-higher/
2026-07-15,39.8,,stated as prior week in 2026-07-22 article,https://www.trendforce.com/news/2026/07/22/insights-memory-spot-price-update-dram-spot-market-edges-higher-as-branded-ddr4-demand-supports-prices/
2026-07-22,41.1,18.931,,https://www.trendforce.com/news/2026/07/22/insights-memory-spot-price-update-dram-spot-market-edges-higher-as-branded-ddr4-demand-supports-prices/
2026-07-29,42.08,19.250,,https://www.trendforce.com/news/2026/07/29/insights-memory-spot-price-update-dram-spot-prices-rise-slightly-as-ddr3-ddr4-and-ddr5-inquiries-pick-up/
2026-08-05,42.11,20.125,,https://www.trendforce.com/news/2026/08/05/insights-memory-spot-price-update-dram-spot-price-gains-slow-while-ddr4-and-ddr3-continue-uptrend
2026-08-12,42.50,21.125,,https://www.trendforce.com/news/2026/08/12/insights-memory-spot-price-update-dram-spot-trading-stays-subdued-as-pricing-gap-persists-ddr4-up-0-93/
2026-08-26,43.64,,stated as prior week in 2026-09-02 article,https://www.trendforce.com/news/2026/09/02/insights-memory-spot-price-update-ddr5-ddr4-demand-weakens-but-firm-supplier-quotes-support-elevated-prices/
2026-09-02,44.54,20.708,,https://www.trendforce.com/news/2026/09/02/insights-memory-spot-price-update-ddr5-ddr4-demand-weakens-but-firm-supplier-quotes-support-elevated-prices/
2026-09-09,45.36,20.146,,https://www.trendforce.com/news/2026/09/09/insights-memory-spot-price-update-ddr4-mainstream-prices-rise-1-78-on-2gx8-orders-ddr5-demand-remains-limited
2026-09-16,45.54,20.083,,https://www.trendforce.com/news/2026/09/16/insights-memory-spot-price-update-dram-spot-cools-as-ddr5-inquiries-slow-2gx8-ddr4-prices-retreat
2026-09-23,46.04,19.883,,https://www.trendforce.com/news/2026/09/23/insights-memory-spot-price-update-dram-spot-prices-hold-cautious-tone-ddr4-2gx8-drops-3-6/
2026-09-30,46.32,19.396,,https://www.trendforce.com/news/2026/09/30/insights-memory-spot-price-update-dram-market-quiet-amid-holidays-nand-buying-stays-weak/
