month,ddr4_8gb,nand_128gb_mlc,url
2024-01,1.80,4.72,https://www.thelec.kr/news/articleView.html?idxno=25681
2024-02,1.80,4.90,https://www.ajunews.com/view/20240401140743162
2024-03,1.80,4.90,https://www.dailian.co.kr/news/view/1357609
2024-04,2.10,4.90,https://www.dailian.co.kr/news/view/1357609
2024-05,2.10,4.90,https://www.thelec.kr/news/articleView.html?idxno=28248
2024-06,2.10,4.90,https://edaily.co.kr/News/Read?mediaCodeNo=257&newsId=02991366638926312
2024-07,2.10,4.90,https://www.newsis.com/view/NISX20240802_0002836584
2024-08,2.05,4.90,https://edaily.co.kr/News/Read?mediaCodeNo=257&newsId=03047126638992568
2024-09,1.70,4.34,https://www.thelec.kr/news/articleView.html?idxno=30373
2024-10,1.70,3.07,https://news.sbs.co.kr/news/endPage.do?news_id=N1007856812
2024-11,1.35,2.16,https://m.edaily.co.kr/News/Read?mediaCodeNo=257&newsId=02492806639090640
2024-12,1.35,2.08,https://www.etoday.co.kr/news/view/2433859
2025-01,1.35,2.18,https://www.asiae.co.kr/article/2025020316400492418
2025-02,1.35,2.29,https://edaily.co.kr/News/Read?mediaCodeNo=257&newsId=03302966642075112
2025-03,1.35,2.51,https://www.hankyung.com/article/202504013515i
2025-04,1.65,2.79,https://www.hankyung.com/article/202505018527i
2025-05,2.10,2.92,https://www.etoday.co.kr/news/view/2475309
2025-06,2.60,3.12,https://www.thelec.kr/news/articleView.html?idxno=37638
2025-07,3.90,3.39,https://m.sedaily.com/article/14099465
2025-08,5.70,3.42,https://www.seoul.co.kr/news/economy/2025/08/29/20250829500291
2025-09,6.30,3.79,https://zdnet.co.kr/view/?no=20251031173951
2025-10,7.00,4.35,https://zdnet.co.kr/view/?no=20251031173951
2025-11,8.10,5.19,https://www.specialtimes.co.kr/news/articleView.html?idxno=435555
2025-12,9.30,5.74,https://www.hankyung.com/article/202512315530Y
2026-01,11.50,9.46,https://finance.sina.com.cn/tech/roll/2026-03-01/doc-inhpnwmk8899549.shtml
2026-02,13.00,12.67,https://finance.sina.com.cn/tech/roll/2026-03-01/doc-inhpnwmk8899549.shtml
2026-03,13.00,17.73,https://www.dt.co.kr/article/12054967
2026-04,16.00,24.16,https://finance.biggo.com/news/Hkk63p0B6tLPsnrZYZXV
2026-05,20.00,26.51,https://www.techm.kr/news/articleView.html?idxno=152242
2026-06,21.00,28.80,https://finance.biggo.com/news/c5ae14af-ca9a-43e9-8016-4b5308bf4a36
2026-07,24.00,30.05,https://finance.biggo.com/news/592b3c55-bfb8-488e-89aa-70632fd3c331
2026-08,25.00,30.48,https://finance.biggo.com/news/e02979ad-416b-4c0f-99a4-77f36b8de700
2026-09,26.00,30.61,https://www.thelec.kr/news/articleView.html?idxno=63057
