date,item,price_usd,note,source_url
2025-01-06,"TV 65"" UHD open-cell",174,Jan-2025 forecast (early-month),https://finance.sina.com.cn/stock/hkstock/ggscyd/2025-01-06/doc-inecznxx2502443.shtml
2025-01-06,"TV 55"" UHD open-cell",124,Jan-2025 forecast (early-month),https://finance.sina.com.cn/stock/hkstock/ggscyd/2025-01-06/doc-inecznxx2502443.shtml
2025-01-06,"TV 43"" FHD open-cell",64,Jan-2025 forecast (early-month),https://finance.sina.com.cn/stock/hkstock/ggscyd/2025-01-06/doc-inecznxx2502443.shtml
2025-01-06,"TV 32"" HD open-cell",35,Jan-2025 forecast (early-month),https://finance.sina.com.cn/stock/hkstock/ggscyd/2025-01-06/doc-inecznxx2502443.shtml
2025-01-06,"Monitor 27"" FHD IPS",62.6,Jan-2025 forecast (early-month),https://finance.sina.com.cn/stock/hkstock/ggscyd/2025-01-06/doc-inecznxx2502443.shtml
2025-01-06,"Monitor 23.8"" FHD IPS",49.2,Jan-2025 forecast (early-month),https://finance.sina.com.cn/stock/hkstock/ggscyd/2025-01-06/doc-inecznxx2502443.shtml
2025-01-06,"Notebook 15.6"" FHD IPS",40.3,Jan-2025 forecast (early-month),https://finance.sina.com.cn/stock/hkstock/ggscyd/2025-01-06/doc-inecznxx2502443.shtml
2025-01-06,"Notebook 14.0"" HD TN",26.9,Jan-2025 forecast (early-month),https://finance.sina.com.cn/stock/hkstock/ggscyd/2025-01-06/doc-inecznxx2502443.shtml
2025-02-20,"TV 65"" UHD open-cell",176,2025-02 late,https://m.sohu.com/a/861501587_116588/
2025-02-20,"TV 55"" UHD open-cell",126,2025-02 late,https://m.sohu.com/a/861501587_116588/
2025-02-20,"TV 43"" FHD open-cell",65,2025-02 late,https://m.sohu.com/a/861501587_116588/
2025-02-20,"TV 32"" HD open-cell",35.5,2025-02 late,https://m.sohu.com/a/861501587_116588/
2025-02-20,"Monitor 27"" FHD IPS",62.6,2025-02 late,https://m.sohu.com/a/861501587_116588/
2025-02-20,"Monitor 23.8"" FHD IPS",49.2,2025-02 late,https://m.sohu.com/a/861501587_116588/
2025-02-20,"Notebook 15.6"" FHD IPS",40.3,2025-02 late,https://m.sohu.com/a/861501587_116588/
2025-02-20,"Notebook 14.0"" HD TN",26.9,2025-02 late,https://m.sohu.com/a/861501587_116588/
2025-03-20,"TV 65"" UHD open-cell",177,2025-03 late,https://www.163.com/dy/article/JR3UMV2805119RSA.html
2025-03-20,"TV 55"" UHD open-cell",127,2025-03 late,https://www.163.com/dy/article/JR3UMV2805119RSA.html
2025-03-20,"TV 43"" FHD open-cell",66,2025-03 late,https://www.163.com/dy/article/JR3UMV2805119RSA.html
2025-03-20,"TV 32"" HD open-cell",36,2025-03 late,https://www.163.com/dy/article/JR3UMV2805119RSA.html
2025-03-20,"Monitor 27"" FHD IPS",62.7,2025-03 late,https://www.163.com/dy/article/JR3UMV2805119RSA.html
2025-03-20,"Monitor 23.8"" FHD IPS",49.4,2025-03 late,https://www.163.com/dy/article/JR3UMV2805119RSA.html
2025-03-20,"Notebook 15.6"" FHD IPS",40.3,2025-03 late,https://www.163.com/dy/article/JR3UMV2805119RSA.html
2025-03-20,"Notebook 14.0"" HD TN",26.9,2025-03 late,https://www.163.com/dy/article/JR3UMV2805119RSA.html
2025-04-21,"TV 65"" UHD open-cell",177,2025-04 late,https://www.ledinside.cn/pricequotes/20250421-59159.html
2025-04-21,"TV 55"" UHD open-cell",127,2025-04 late,https://www.ledinside.cn/pricequotes/20250421-59159.html
2025-04-21,"TV 43"" FHD open-cell",66,2025-04 late,https://www.ledinside.cn/pricequotes/20250421-59159.html
2025-04-21,"TV 32"" HD open-cell",36,2025-04 late,https://www.ledinside.cn/pricequotes/20250421-59159.html
2025-04-21,"Monitor 27"" FHD IPS",62.9,2025-04 late,https://www.ledinside.cn/pricequotes/20250421-59159.html
2025-04-21,"Monitor 23.8"" FHD IPS",49.7,2025-04 late,https://www.ledinside.cn/pricequotes/20250421-59159.html
2025-04-21,"Notebook 15.6"" FHD IPS",40.3,2025-04 late,https://www.ledinside.cn/pricequotes/20250421-59159.html
2025-04-21,"Notebook 14.0"" HD TN",26.9,2025-04 late,https://www.ledinside.cn/pricequotes/20250421-59159.html
2025-05-20,"TV 65"" UHD open-cell",177,2025-05 late,https://www.ledinside.cn/pricequotes/20250520-59307.html
2025-05-20,"TV 55"" UHD open-cell",127,2025-05 late,https://www.ledinside.cn/pricequotes/20250520-59307.html
2025-05-20,"TV 43"" FHD open-cell",66,2025-05 late,https://www.ledinside.cn/pricequotes/20250520-59307.html
2025-05-20,"TV 32"" HD open-cell",36,2025-05 late,https://www.ledinside.cn/pricequotes/20250520-59307.html
2025-05-20,"Monitor 27"" FHD IPS",63,2025-05 late,https://www.ledinside.cn/pricequotes/20250520-59307.html
2025-05-20,"Monitor 23.8"" FHD IPS",49.9,2025-05 late,https://www.ledinside.cn/pricequotes/20250520-59307.html
2025-05-20,"Notebook 15.6"" FHD IPS",40.3,2025-05 late,https://www.ledinside.cn/pricequotes/20250520-59307.html
2025-05-20,"Notebook 14.0"" HD TN",26.9,2025-05 late,https://www.ledinside.cn/pricequotes/20250520-59307.html
2025-08-20,"TV 65"" UHD open-cell",173,2025-08 late,https://www.ledinside.cn/pricequotes/20250820-59893.html
2025-08-20,"TV 55"" UHD open-cell",124,2025-08 late,https://www.ledinside.cn/pricequotes/20250820-59893.html
2025-08-20,"TV 43"" FHD open-cell",64,2025-08 late,https://www.ledinside.cn/pricequotes/20250820-59893.html
2025-08-20,"TV 32"" HD open-cell",35,2025-08 late,https://www.ledinside.cn/pricequotes/20250820-59893.html
2025-08-20,"Monitor 27"" FHD IPS",63,2025-08 late,https://www.ledinside.cn/pricequotes/20250820-59893.html
2025-08-20,"Monitor 23.8"" FHD IPS",49.9,2025-08 late,https://www.ledinside.cn/pricequotes/20250820-59893.html
2025-08-20,"Notebook 15.6"" FHD IPS",40.3,2025-08 late,https://www.ledinside.cn/pricequotes/20250820-59893.html
2025-08-20,"Notebook 14.0"" HD TN",26.9,2025-08 late,https://www.ledinside.cn/pricequotes/20250820-59893.html
2026-04-20,"TV 65"" UHD open-cell",177,2026-04 late,https://www.ledinside.cn/pricequotes/20260420-61507.html
2026-04-20,"TV 55"" UHD open-cell",126,2026-04 late,https://www.ledinside.cn/pricequotes/20260420-61507.html
2026-04-20,"TV 43"" FHD open-cell",66,2026-04 late,https://www.ledinside.cn/pricequotes/20260420-61507.html
2026-04-20,"TV 32"" HD open-cell",37,2026-04 late,https://www.ledinside.cn/pricequotes/20260420-61507.html
2026-04-20,"Monitor 27"" FHD IPS",63.3,2026-04 late,https://www.ledinside.cn/pricequotes/20260420-61507.html
2026-04-20,"Monitor 23.8"" FHD IPS",50.7,2026-04 late,https://www.ledinside.cn/pricequotes/20260420-61507.html
2026-04-20,"Notebook 15.6"" FHD IPS",39.6,2026-04 late,https://www.ledinside.cn/pricequotes/20260420-61507.html
2026-04-20,"Notebook 14.0"" HD TN",26.7,2026-04 late,https://www.ledinside.cn/pricequotes/20260420-61507.html
2026-06-05,"TV 65"" UHD open-cell",177,Jun-2026 forecast (early-month),https://i.ifeng.com/c/8tiLzOAr7on
2026-06-05,"TV 55"" UHD open-cell",126,Jun-2026 forecast (early-month),https://i.ifeng.com/c/8tiLzOAr7on
2026-06-05,"TV 43"" FHD open-cell",66,Jun-2026 forecast (early-month),https://i.ifeng.com/c/8tiLzOAr7on
2026-06-05,"TV 32"" HD open-cell",37,Jun-2026 forecast (early-month),https://i.ifeng.com/c/8tiLzOAr7on
2026-06-05,"Monitor 27"" FHD IPS",63.6,Jun-2026 forecast (early-month),https://i.ifeng.com/c/8tiLzOAr7on
2026-06-05,"Monitor 23.8"" FHD IPS",51.1,Jun-2026 forecast (early-month),https://i.ifeng.com/c/8tiLzOAr7on
2026-06-05,"Notebook 15.6"" FHD IPS",39.6,Jun-2026 forecast (early-month),https://i.ifeng.com/c/8tiLzOAr7on
2026-06-05,"Notebook 14.0"" HD TN",26.7,Jun-2026 forecast (early-month),https://i.ifeng.com/c/8tiLzOAr7on
2026-07-20,"TV 65"" UHD open-cell",174,2026-07 late,https://www.sohu.com/a/1052519118_116588
2026-07-20,"TV 55"" UHD open-cell",124,2026-07 late,https://www.sohu.com/a/1052519118_116588
2026-07-20,"TV 43"" FHD open-cell",64,2026-07 late,https://www.sohu.com/a/1052519118_116588
2026-07-20,"TV 32"" HD open-cell",36,2026-07 late,https://www.sohu.com/a/1052519118_116588
2026-07-20,"Monitor 27"" FHD IPS",63.6,2026-07 late,https://www.sohu.com/a/1052519118_116588
2026-07-20,"Monitor 23.8"" FHD IPS",51,2026-07 late,https://www.sohu.com/a/1052519118_116588
2026-07-20,"Notebook 15.6"" FHD IPS",39.6,2026-07 late,https://www.sohu.com/a/1052519118_116588
2026-07-20,"Notebook 14.0"" HD TN",26.7,2026-07 late,https://www.sohu.com/a/1052519118_116588
2026-08-06,"TV 65"" UHD open-cell",173,Aug-2026 forecast (early-month),https://www.eefocus.com/article/2064177.html
2026-08-06,"TV 55"" UHD open-cell",123,Aug-2026 forecast (early-month),https://www.eefocus.com/article/2064177.html
2026-08-06,"TV 43"" FHD open-cell",63,Aug-2026 forecast (early-month),https://www.eefocus.com/article/2064177.html
2026-08-06,"TV 32"" HD open-cell",35,Aug-2026 forecast (early-month),https://www.eefocus.com/article/2064177.html
2026-08-06,"Monitor 27"" FHD IPS",63.6,Aug-2026 forecast (early-month),https://www.eefocus.com/article/2064177.html
2026-08-06,"Monitor 23.8"" FHD IPS",51,Aug-2026 forecast (early-month),https://www.eefocus.com/article/2064177.html
2026-08-06,"Notebook 15.6"" FHD IPS",39.6,Aug-2026 forecast (early-month),https://www.eefocus.com/article/2064177.html
2026-08-06,"Notebook 14.0"" HD TN",26.7,Aug-2026 forecast (early-month),https://www.eefocus.com/article/2064177.html
2026-09-22,"TV 65"" UHD open-cell",173,2026-09 late,https://www.eefocus.com/article/2092943.html
2026-09-22,"TV 55"" UHD open-cell",123,2026-09 late,https://www.eefocus.com/article/2092943.html
2026-09-22,"TV 43"" FHD open-cell",63,2026-09 late,https://www.eefocus.com/article/2092943.html
2026-09-22,"TV 32"" HD open-cell",35,2026-09 late,https://www.eefocus.com/article/2092943.html
2026-09-22,"Monitor 27"" FHD IPS",63.6,2026-09 late,https://www.eefocus.com/article/2092943.html
2026-09-22,"Monitor 23.8"" FHD IPS",51,2026-09 late,https://www.eefocus.com/article/2092943.html
2026-09-22,"Notebook 15.6"" FHD IPS",39.6,2026-09 late,https://www.eefocus.com/article/2092943.html
2026-09-22,"Notebook 14.0"" HD TN",26.7,2026-09 late,https://www.eefocus.com/article/2092943.html
