period,release_date,total_exports_bn,total_yoy_pct,semis_bn,semis_yoy_pct,computer_bn,computer_yoy_pct,daily_avg_yoy_pct,source_url
2025-01 d1-10,2025-01-13,16.0,3.8,3.18,23.8,,,,https://www.koreatimes.co.kr/economy/20250113/exports-in-korea-grow-38-in-first-10-days-of-january-due-to-strong-chip-demand
2025-02 d1-10,2025-02-11,14.9,0.8,2.8,1.8,,,-6.4,https://www.koreatimes.co.kr/economy/20250211/koreas-exports-rise-08-in-early-february-on-strong-chip-and-auto-demand
2025-02 d1-20,2025-02-21,35.3,16,6.5,22.1,,,-2.7,https://www.koreatimes.co.kr/economy/20250221/exports-surge-16-in-feb-1-20-on-strong-chip-and-auto-demand
2025-03 d1-20,2025-03-21,35.54,4.5,7.07,11.6,,,,https://english.news.cn/20250321/72f5c98843324a22917bfdef4f02105f/c.html
2025-05 d1-20,2025-05-21,31.97,-2.4,7.27,17.3,,,-2.4,https://english.news.cn/asiapacific/20250521/aee087c56f744ccf8c6c56156b17d55d/c.html
2025-06 d1-10,2025-06-11,15.47,5.4,3.63,22.0,,,15.0,https://english.news.cn/asiapacific/20250611/5fdb08f7b45d4c17b5768e60749a2bcc/c.html
2025-06 d1-20,2025-06-23,38.67,8.3,8.86,21.8,,,12.2,https://english.news.cn/20250623/d03f396971734ded91eba98310d07ef5/c.html
2025-06 full,2025-07-01,59.8,4.3,14.97,11.4,,15.3,,https://tradingeconomics.com/south-korea/exports-yoy/news/466716
2025-07 full,2025-08-01,60.82,5.9,14.71,31.6,,,,https://tradingeconomics.com/south-korea/exports-yoy/news/474366
2025-08 full,2025-09-01,58.4,,15,,,,,https://www.malaymail.com/news/money/2025/09/01/south-korea-smashes-august-export-records-with-rm634b-in-semiconductors/189596
2025-09 d1-20,2025-09-22,40.11,13.5,,,,,,https://english.news.cn/20250922/336f54817bff427db209a2bfca2167c9/c.html
2025-09 full,2025-10-01,65.95,12.7,16.6,22.0,,,,https://tradingeconomics.com/south-korea/exports-yoy/news/489252
2025-10 d1-10,2025-10-13,12.97,-15.2,4.51,47.0,,,33.2,https://english.news.cn/20251013/2009eeb6daa14f1f8b6359c6de66d391/c.html
2025-10 d1-20,2025-10-21,30.15,-7.8,,20.2,,,,https://www.tribuneindia.com/news/business/south-koreas-exports-drop-nearly-8-in-early-oct-amid-fewer-working-days-from-chuseok-holiday
2025-10 full,2025-11-01,59.57,3.6,15.73,25.4,,,14.0,https://english.motir.go.kr/eng/article/EATCLdfa319ada/2385/view
2025-11 d1-10,2025-11-11,15.82,6.4,,17.7,,,,https://english.news.cn/asiapacific/20251111/738c582458e04fc5ab180073094d4c97/c.html
2025-11 d1-20,2025-11-21,38.5,8.2,9.75,26.5,,,,https://www.koreatimes.co.kr/economy/20251121/exports-up-82-on-year-during-first-20-days-of-november-on-chip-auto-demand
2025-11 full,2025-12-01,61.04,8.4,17.26,38.6,,,13.3,https://english.motir.go.kr/eng/article/EATCLdfa319ada/2433/view
2025-12 d1-20,2025-12-22,43.03,6.8,11.65,41.8,,49.1,3.6,https://www.ajupress.com/view/20251222133008885
2025-12 full,2026-01-01,69.58,13.4,20.77,43.2,,,8.7,https://tradingeconomics.com/south-korea/exports-yoy/news/513720
2026-01 d1-10,2026-01-12,15.55,-2.3,4.64,45.6,,,4.7,https://www.koreajoongangdaily.com/business/exports-down-23-during-first-10-days-of-january-despite-strong-chip-sales/12414513
2026-01 d1-20,2026-01-21,36.36,14.9,10.73,70.2,,,,https://tradingeconomics.com/south-korea/exports-yoy/news/518596
2026-01 full,2026-02-01,65.85,33.9,20.54,102.7,1.55,89.2,14.0,https://view.asiae.co.kr/en/article/2026020109333767451
2026-02 d1-10,2026-02-11,21.39,44.4,6.73,137.6,,,34.8,https://www.koreajoongangdaily.com/business/exports-up-444-during-first-10-days-of-february-on-robust-chip-demand/12294844
2026-02 d1-20,2026-02-23,43.5,23.5,15.12,134.1,,129.2,47.3,https://www.koreajoongangdaily.com/business/exports-hit-new-20-day-record-in-february-as-global-appetite-for-chips-keeps-growing/12269387
2026-02 full,2026-03-01,67.45,29,25.16,160.8,,222,49.3,https://en.sedaily.com/news/2026/03/01/koreas-february-exports-hit-record-high-on-semiconductor
2026-03 d1-10,2026-03-11,21.5,55.6,7.6,175.9,,,,https://www.koreajoongangdaily.com/business/exports-surge-by-556-during-first-10-days-of-march-on-robust-chip-demand/12588560
2026-03 d1-20,2026-03-23,53.3,50.4,,,,,,https://www.koreatimes.co.kr/economy/20260323/koreas-exports-jump-504-in-first-20-days-of-march
2026-03 full,2026-04-01,86.13,48.3,32.83,151.4,3.42,189.2,41.9,https://english.motir.go.kr/eng/article/EATCLdfa319ada/2559/view
2026-04 d1-10,2026-04-13,25.21,36.7,8.57,152.5,,,36.7,https://english.news.cn/20260413/7e89e571a59f46269548ffa1ffc4752a/c.html
2026-04 d1-20,2026-04-21,50.4,49.4,18.3,182.5,2.2,399,,https://www.koreatimes.co.kr/economy/20260421/koreas-exports-jump-494-in-first-20-days-of-april-on-robust-chip-demand
2026-04 full,2026-05-01,85.89,48.0,31.90,173.5,4.08,515.8,48.0,https://english.news.cn/20260501/528ca1689e1c485ea0fa1f98facddd3c/c.html
2026-05 d1-10,2026-05-11,18.4,43.7,8.54,149.8,1.14,382.8,43.7,https://www.koreatimes.co.kr/economy/20260511/exports-up-437-during-first-10-days-of-may-on-robust-chip-demand
2026-05 d1-20,2026-05-21,52.7,64.8,21.95,202.1,,305.5,52.6,https://www.asiae.co.kr/en/article/2026052109375845115
2026-05 full,2026-06-01,87.75,53.2,37.16,169.4,4.18,290.7,60.7,https://english.motir.go.kr/eng/article/EATCLdfa319ada/2637/view
2026-06 d1-10,2026-06-11,28.63,85.9,11.07,205.8,0.928,259.4,46.1,https://english.news.cn/20260611/75a67ec7b6d5458887c45b15372ace4e/c.html
2026-06 d1-20,2026-06-22,61.99,60.4,25.51,188.4,3.07,293.3,49.7,https://english.news.cn/20260622/f2f33e7fea5f43b99bfdecf7ac0157e6/c.html
2026-06 full,2026-07-01,102.25,70.9,44.82,199.5,5.41,308.8,59.5,https://english.motir.go.kr/eng/article/EATCLdfa319ada/2677/view
2026-07 d1-10,2026-07-13,29.84,53.9,11.21,193.0,0.874,208.1,53.9,https://english.news.cn/20260713/7061d97e20914e78a4cfda157a4dd330/c.html
2026-07 d1-20,2026-07-21,54.93,52.3,22.11,180.6,2.04,231.9,62.9,https://english.news.cn/20260721/6cf7b8c157aa4739817d51aada42a1c6/c.html
2026-07 full,2026-08-01,98.89,62.8,41.01,178.8,4.79,404.0,69.6,https://english.motir.go.kr/eng/article/EATCLdfa319ada/2701/view
2026-08 d1-10,2026-08-11,21.29,45.3,9.95,155.4,0.587,139.5,45.3,https://english.news.cn/asiapacific/20260811/34c5a81157ff4e50be330abef33b97d2/c.html
2026-08 d1-20,2026-08-21,55.21,56.0,26.03,198.8,2.28,242.1,61.5,https://english.news.cn/asiapacific/20260821/092fa3a773c84732a320ac4bd3c92831/c.html
2026-08 full,2026-09-01,98.25,68.7,46.65,209.0,6.24,419.5,72.5,https://english.motir.go.kr/eng/article/EATCLdfa319ada/2719/view
2026-09 d1-10,2026-09-11,34.97,82.6,16.48,270.1,0.635,93.1,82.6,https://english.news.cn/asiapacific/20260911/630960f1164446b894a73f7f55172de6/c.html
2026-09 d1-20,2026-09-21,71.4,78.3,34.12,259.4,,187.6,89.8,https://www.ajupress.com/view/20260921094441116
2026-09 full,2026-10-01,120.94,83.5,60.30,262.8,7.00,435.3,105,https://english.news.cn/asiapacific/20261001/3cb106dd2d164bfc952f475a78020cfd/c.html
