captured,table,title,updated,item,high,low,avg,chg
2026-10-04,dram_spot,DRAM Spot Price,2026-10-02T18:10+08:00,DDR5 16Gb (2Gx8) 4800/5600,69.5,43.5,58,0.12
2026-10-04,dram_spot,DRAM Spot Price,2026-10-02T18:10+08:00,DDR5 16Gb (2Gx8) eTT,27.8,25.4,26.1,0.39
2026-10-04,dram_spot,DRAM Spot Price,2026-10-02T18:10+08:00,DDR4 16Gb (2Gx8) 3200,118,45.5,83.588,-0.09
2026-10-04,dram_spot,DRAM Spot Price,2026-10-02T18:10+08:00,DDR4 16Gb (2Gx8) eTT,15.3,13.6,14,0.36
2026-10-04,dram_spot,DRAM Spot Price,2026-10-02T18:10+08:00,DDR4 8Gb (1Gx8) 3200,85,25,46.321,0
2026-10-04,dram_spot,DRAM Spot Price,2026-10-02T18:10+08:00,DDR4 8Gb (1Gx8) eTT,6.35,5.7,5.94,0.34
2026-10-04,dram_spot,DRAM Spot Price,2026-10-02T18:10+08:00,DDR3 4Gb 512Mx8 1600/1866,19.8,9.65,13.72,0
2026-10-04,dram_contract,DRAM Contract Price (2H Aug),2026-08-31T14:00+08:00,DDR5 8GB SO-DIMM,141,118,133,2.31
2026-10-04,dram_contract,DRAM Contract Price (2H Aug),2026-08-31T14:00+08:00,DDR4 16GB SO-DIMM,290,245,270,1.89
2026-10-04,dram_contract,DRAM Contract Price (2H Aug),2026-08-31T14:00+08:00,DDR4 8GB SO-DIMM,148,125,142,2.16
2026-10-04,dram_contract,DRAM Contract Price (2H Aug),2026-08-31T14:00+08:00,DDR4 16Gb 2Gx8,59,47,50,4.17
2026-10-04,dram_contract,DRAM Contract Price (2H Aug),2026-08-31T14:00+08:00,DDR4 8Gb 1Gx8,34.5,22.5,25,4.17
2026-10-04,dram_contract,DRAM Contract Price (2H Aug),2026-08-31T14:00+08:00,DDR4 4Gb 256Mx16,16.5,14,15.2,4.83
2026-10-04,dram_contract,DRAM Contract Price (2H Aug),2026-08-31T14:00+08:00,DDR3 4Gb 256Mx16,16.5,14,15.2,4.83
2026-10-04,module_spot,Module Spot Price,2026-09-21T14:40+08:00,DDR5 UDIMM 16GB 4800/5600,265,223,239,1.41
2026-10-04,module_spot,Module Spot Price,2026-09-21T14:40+08:00,DDR5 RDIMM 32GB 4800/5600,2400,2000,2100,2.44
2026-10-04,module_spot,Module Spot Price,2026-09-21T14:40+08:00,DDR4 UDIMM 16GB 3200,185,155,165.1,0.49
2026-10-04,gddr_spot,GDDR Spot Price,2026-09-21T14:40+08:00,GDDR5 8Gb,17.5,9.5,11.818,0
2026-10-04,gddr_spot,GDDR Spot Price,2026-09-21T14:40+08:00,GDDR6 8Gb,18,9.3,11.844,0
2026-10-04,flash_spot,NAND Flash Spot Price,2026-09-21T14:40+08:00,SLC 2Gb 256MBx8,4.55,4.18,4.345,0.51
2026-10-04,flash_spot,NAND Flash Spot Price,2026-09-21T14:40+08:00,SLC 1Gb 128MBx8,3.65,2.9,3.358,0
2026-10-04,flash_spot,NAND Flash Spot Price,2026-09-21T14:40+08:00,MLC 64Gb 8GBx8,53.5,35,40.75,2.1
2026-10-04,flash_spot,NAND Flash Spot Price,2026-09-21T14:40+08:00,MLC 32Gb 4GBx8,21.2,18.7,19.3,1.4
2026-10-04,flash_contract,NAND Flash Contract Price in Memory Card/UFD (2H Aug),2026-08-31T18:00+08:00,NAND 128Gb 16Gx8 MLC,30.6,30.25,30.475,1.42
2026-10-04,flash_contract,NAND Flash Contract Price in Memory Card/UFD (2H Aug),2026-08-31T18:00+08:00,NAND 64Gb 8Gx8 MLC,23.55,23.2,23.425,1.36
2026-10-04,flash_contract,NAND Flash Contract Price in Memory Card/UFD (2H Aug),2026-08-31T18:00+08:00,NAND 32Gb 4Gx8 MLC,18.35,17.9,18.128,1.47
2026-10-04,wafer_spot,Wafer Spot Price,2026-09-21T14:40+08:00,512Gb TLC,22,17.5,19.883,-1
2026-10-04,wafer_spot,Wafer Spot Price,2026-09-21T14:40+08:00,256Gb TLC,20,16,17.885,6.41
2026-10-04,wafer_spot,Wafer Spot Price,2026-09-21T14:40+08:00,128Gb TLC,15,8,9.967,0
2026-10-04,memCard_spot,Memory Card Spot Price,2026-09-21T14:40+08:00,MicroSD 16GB,3.2,2.85,2.965,0
2026-10-04,memCard_spot,Memory Card Spot Price,2026-09-21T14:40+08:00,MicroSD 32GB,4.8,3.8,4.16,-0.36
2026-10-04,memCard_spot,Memory Card Spot Price,2026-09-21T14:40+08:00,MicroSD 64GB,7,6,6.415,-0.16
2026-10-04,memCard_spot,Memory Card Spot Price,2026-09-21T14:40+08:00,MicroSD 128GB,13,12,12.29,0
2026-10-04,pcc_oem_ssd_contract,PC-Client OEM SSD Contract Price (3Q'26),2026-08-05T11:00+08:00,1TB-mSATA/M.2 TLC PCIe-Value Grade,385,265,321,
2026-10-04,pcc_oem_ssd_contract,PC-Client OEM SSD Contract Price (3Q'26),2026-08-05T11:00+08:00,512GB-mSATA/M.2 TLC PCIe-Value Grade,210,165,201.13,
2026-10-04,pcc_oem_ssd_contract,PC-Client OEM SSD Contract Price (3Q'26),2026-08-05T11:00+08:00,256GB-mSATA/M.2 TLC PCIe-Value Grade,160,110,128.38,
2026-10-04,ssd_street,SSD Street Price,2026-09-24T11:30+08:00,ADATA Ultimate SU650 960 GB,180.48,177.46,178.97,-0.81
2026-10-04,ssd_street,SSD Street Price,2026-09-24T11:30+08:00,Kimtigo TP5000 1 TB,150.3,115.7,133,0
2026-10-04,ssd_street,SSD Street Price,2026-09-24T11:30+08:00,Samsung 990 Pro 1 TB,239.99,239.99,239.99,0
2026-10-04,ssd_street,SSD Street Price,2026-09-24T11:30+08:00,PNY CS2150 2 TB,390,370,380,-2.56
2026-10-04,ssd_street,SSD Street Price,2026-09-24T11:30+08:00,Silicon Power US75 1 TB,189.97,189.97,189.97,0
